<?xml version='1.0' encoding='utf-8'?>
<!DOCTYPE hibernate-configuration PUBLIC
        "-//Hibernate/Hibernate Configuration DTD//EN"
        "http://www.hibernate.org/dtd/hibernate-configuration-3.0.dtd">

<hibernate-configuration>
    <session-factory>
        <property name="connection.url">jdbc:mysql://localhost:3306/RESTLab?createDatabaseIfNotExist=true&amp;useSSL=false</property>
        <property name="connection.username">root</property>
        <property name="connection.password">Ashu@0710</property>
        <property name="connection.driver_class">com.mysql.cj.jdbc.Driver</property>

        <!-- DB schema will be updated if needed -->
        <property name="hibernate.hbm2ddl.auto">update</property>
        <property name="show_sql">true</property>
        <mapping class="com.example.demorest.Bean.Employee"/>
        <mapping class="com.example.demorest.Bean.Department"/>
        <mapping class="com.example.demorest.Bean.Project"/>
    </session-factory>
</hibernate-configuration>