<?xml version='1.0' encoding='utf-8'?>
<!DOCTYPE hibernate-configuration PUBLIC
        "-//Hibernate/Hibernate Configuration DTD//EN"
        "http://www.hibernate.org/dtd/hibernate-configuration-3.0.dtd">

<hibernate-configuration>
    <session-factory>
        <property name="connection.url">jdbc:mysql://localhost:3306/ERP?createDatabaseIfNotExist=true&amp;useSSL=false&amp;allowPublicKeyRetrieval=true</property>
        <property name="connection.username">anshul</property>
        <property name="connection.password">anshul98</property>
        <property name="connection.driver_class">com.mysql.cj.jdbc.Driver</property>

        <!-- DB schema will be updated if needed -->
        <property name="hibernate.hbm2ddl.auto">update</property>
        <property name="show_sql">true</property>
        <mapping class="com.example.erp.Bean.Employee"/>
        <mapping class="com.example.erp.Bean.Organisation"/>
        <mapping class="com.example.erp.Bean.Organisation_HR"/>

    </session-factory>
</hibernate-configuration>